{
  "scope": "V-042-quad cross-corpus direction (livedoor JA title recall)",
  "n_sample": 27,
  "means": {
    "lf_tok_recall": 0.3723954158277038,
    "lf_stdev": 0.1740334263866938,
    "km_tok_recall": 0.25172208052546946,
    "km_stdev": 0.11793237074198905,
    "en_tok_recall": 0.5122360067303863,
    "en_stdev": 0.17979623273977152
  },
  "stat_tests": {
    "ensemble_vs_lf": {
      "t": 7.551373993875179,
      "p": 5.1296233455310924e-08,
      "delta": 0.13984059090268247
    },
    "ensemble_vs_km": {
      "t": 10.2268964897068,
      "p": 1.3260464192782143e-10,
      "delta": 0.2605139262049168
    },
    "km_vs_lf": {
      "t": -3.7440300068151755,
      "p": 0.0009081155153205932,
      "delta": -0.12067333530223434
    }
  }
}