{
  "scope": "V-042-bis N=30 → V-042-tri N=100 formal + paired statistical significance test",
  "n_sample": 100,
  "means": {
    "lf_tok_recall": 0.1763247863247863,
    "lf_substr_rate": 0.07,
    "lf_tok_stdev": 0.2998357173095532,
    "km_tok_recall": 0.25626923076923075,
    "km_substr_rate": 0.11,
    "km_tok_stdev": 0.3675432365536844,
    "en_tok_recall": 0.28954700854700854,
    "en_substr_rate": 0.12,
    "en_tok_stdev": 0.3718158281744969
  },
  "stat_tests": {
    "ensemble_vs_lf": {
      "t": 4.403759275339542,
      "p_t": 2.694135232331803e-05,
      "W": 0.0,
      "p_w": 7.545642621496902e-05,
      "delta": 0.11322222222222225
    },
    "ensemble_vs_km": {
      "t": 3.121432983268392,
      "p_t": 0.0023591483274054002,
      "W": 0.0,
      "p_w": 0.0032219958961077545,
      "delta": 0.033277777777777795
    },
    "km_vs_lf": {
      "t": 2.7860744585277772,
      "p_t": 0.006394869831170061,
      "W": 83.5,
      "p_w": 0.006093797438888812,
      "delta": 0.07994444444444446
    }
  }
}